date,rr,log_rr,z500_nh_m,t50_K,slp_Pa
1998-12-15,0.8820997508573963,-0.12545013316004006,5435.111028855847,214.04915495841735,101635.77923387097
1999-02-26,0.44192473012767325,-0.8166157052348729,5413.916535408266,217.0315241659841,101623.91708669355
2001-02-11,0.18347879850863846,-1.6956561576251707,5395.39794921875,218.4884023358745,101703.86945564517
2001-12-30,0.11132906447971004,-2.1952649184052744,5404.0473790322585,213.2143313500189,101378.36617943548
2002-02-17,0.2718278552377691,-1.3025862981977498,5405.484690020161,215.06124287266886,101590.11844758065
2003-01-18,0.1894392260602787,-1.6636870127029988,5394.837370841734,212.53470734627015,101433.28125
2004-01-05,0.11438522268876279,-2.168183380680924,5408.499243951613,215.2701228972404,101539.45917338709
2006-01-21,0.20844018860048832,-1.568103144122456,5403.730358492943,216.76746885238154,101687.89264112903
2007-02-24,0.31620087328171065,-1.1513775924088376,5411.4443516885085,214.11937246014995,101593.23336693548
2008-02-22,0.05314444805935161,-2.9347416376116926,5404.620148689516,216.31373645413308,101519.0894657258
2009-01-24,0.10782912289958287,-2.2272075002250786,5405.518286920363,216.04495534589213,101565.01184475806
2010-02-09,0.6511587067997692,-0.4290018772383802,5400.330156880041,217.3922380016696,101567.6648185484
2012-01-11,0.8531401391358695,-0.15883145525901585,5406.1913904989915,209.81575602869833,101721.83644153226
2013-01-07,0.33587871682941356,-1.0910051459985524,5408.320690524193,214.0041690949471,101647.45337701614
2018-02-12,1.0397082982712966,0.0389401913792818,5428.566169984879,215.80054990706904,101852.36920362903
2019-01-01,3.405663283433686,1.2254397175278477,5416.531139742943,215.981205109627,101622.72857862903
