model,lat,lon,years,GB_per_member,members
NorESM2-LM,96,144,65,10.5,3
BCC-ESM1,64,128,165,15.8,3
MIROC-ES2L,64,128,165,15.8,2
CanESM5,64,128,165,15.8,35
IPSL-CM5A2-INCA,96,96,165,17.8,1
ACCESS-ESM1-5,144,192,65,21.0,7
ACCESS-CM2,145,192,65,21.2,1
GFDL-CM4,90,144,165,25.0,1
CESM2-FV2,96,144,165,26.6,3
IITM-ESM,94,192,165,34.8,1
MPI-ESM-1-2-HAM,96,192,165,35.5,3
AWI-ESM-1-1-LR,96,192,165,35.5,1
MPI-ESM1-2-LR,96,192,165,35.5,6
MRI-ESM2-0,160,320,65,38.9,5
IPSL-CM6A-LR,143,144,165,39.7,31
INM-CM4-8,120,180,165,41.6,1
INM-CM5-0,120,180,165,41.6,7
NorESM2-MM,192,288,65,42.0,3
SAM0-UNICON,192,288,65,42.0,1
UKESM1-0-LL,145,192,163,52.9,7
HadGEM3-GC31-LL,145,192,163,52.9,5
KACE-1-0-G,145,192,163,52.9,3
CNRM-ESM2-1,128,256,165,63.2,7
CNRM-CM6-1,128,256,165,63.2,28
MIROC6,128,256,165,63.2,9
EC-Earth3-Veg-LR,160,320,165,98.7,3
BCC-CSM2-MR,160,320,165,98.7,3
CMCC-ESM2,192,288,165,106.6,1
CMCC-CM2-SR5,192,288,165,106.6,1
CMCC-CM2-HR4,192,288,165,106.6,1
CESM2,192,288,165,106.6,10
CESM2-WACCM,192,288,165,106.6,3
TaiESM1,192,288,165,106.6,1
MPI-ESM1-2-HR,192,384,165,142.2,6
EC-Earth3,256,512,165,252.8,6
EC-Earth3-CC,256,512,165,252.8,1
EC-Earth3-AerChem,256,512,165,252.8,2
EC-Earth3-Veg,256,512,165,252.8,5
HadGEM3-GC31-MM,325,432,163,266.9,4
CNRM-CM6-1-HR,360,720,165,499.9,1
