event_id,event_name,winter,primary_central_date,event_type,final_warming_flag,consensus_count,n_reanalyses_available,consensus_fraction,source,exclusion_reason,ncep_ncar,era40,era_interim,jra_55,merra2,era5,primary_inclusion,sha256_of_source
SSW001,JAN 1958,1958,1958-01-30,not_classified,False,4.0,4.0,1.0,NOAA_CSL_compendium,,1958-01-30,1958-01-31,,1958-01-30,,1958-02-08,True,4147ac39fc0226c2
SSW002,NOV 1958,1959,1958-11-30,not_classified,False,1.0,4.0,0.25,NOAA_CSL_compendium,consensus 1/4 = 0.25 < 0.67,1958-11-30,,,,,,False,4147ac39fc0226c2
SSW003,JAN 1960,1960,1960-01-17,not_classified,False,4.0,4.0,1.0,NOAA_CSL_compendium,,1960-01-16,1960-01-17,,1960-01-17,,1960-01-17,True,4147ac39fc0226c2
SSW004,JAN 1963,1963,1963-01-28,not_classified,False,3.0,4.0,0.75,NOAA_CSL_compendium,,,1963-01-28,,1963-01-30,,1963-01-27,True,4147ac39fc0226c2
SSW005,MAR 1965,1965,1965-03-23,not_classified,False,1.0,4.0,0.25,NOAA_CSL_compendium,consensus 1/4 = 0.25 < 0.67,1965-03-23,,,,,,False,4147ac39fc0226c2
SSW006,DEC 1965,1966,1965-12-16,not_classified,False,4.0,4.0,1.0,NOAA_CSL_compendium,,1965-12-08,1965-12-16,,1965-12-18,,1965-12-16,True,4147ac39fc0226c2
SSW007,FEB 1966,1966,1966-02-23,not_classified,False,4.0,4.0,1.0,NOAA_CSL_compendium,,1966-02-24,1966-02-23,,1966-02-23,,1966-02-22,True,4147ac39fc0226c2
SSW008,JAN 1968,1968,1968-01-07,not_classified,False,3.0,4.0,0.75,NOAA_CSL_compendium,,,1968-01-07,,1968-01-07,,1968-01-07,True,4147ac39fc0226c2
SSW009,NOV 1968,1969,1968-11-28,not_classified,False,4.0,4.0,1.0,NOAA_CSL_compendium,,1968-11-27,1968-11-28,,1968-11-29,,1968-11-28,True,4147ac39fc0226c2
SSW010,MAR 1969,1969,1969-03-13,not_classified,False,3.0,4.0,0.75,NOAA_CSL_compendium,,1969-03-13,1969-03-13,,,,1969-03-13,True,4147ac39fc0226c2
SSW011,JAN 1970,1970,1970-01-02,not_classified,False,4.0,4.0,1.0,NOAA_CSL_compendium,,1970-01-02,1970-01-02,,1970-01-02,,1970-01-02,True,4147ac39fc0226c2
SSW012,JAN 1971,1971,1971-01-18,not_classified,False,4.0,4.0,1.0,NOAA_CSL_compendium,,1971-01-17,1971-01-18,,1971-01-18,,1971-01-18,True,4147ac39fc0226c2
SSW013,MAR 1971,1971,1971-03-20,not_classified,False,4.0,4.0,1.0,NOAA_CSL_compendium,,1971-03-20,1971-03-20,,1971-03-20,,1971-03-20,True,4147ac39fc0226c2
SSW014,JAN 1973,1973,1973-01-31,not_classified,False,4.0,4.0,1.0,NOAA_CSL_compendium,,1973-02-02,1973-01-31,,1973-01-31,,1973-01-31,True,4147ac39fc0226c2
SSW015,JAN 1977,1977,1977-01-09,not_classified,False,3.0,4.0,0.75,NOAA_CSL_compendium,,,1977-01-09,,1977-01-09,,1977-01-09,True,4147ac39fc0226c2
SSW016,FEB 1979,1979,1979-02-22,not_classified,False,5.0,5.0,1.0,NOAA_CSL_compendium,,1979-02-22,1979-02-22,1979-02-22,1979-02-22,,1979-02-22,True,4147ac39fc0226c2
SSW017,FEB 1980,1980,1980-02-29,not_classified,False,6.0,6.0,1.0,NOAA_CSL_compendium,,1980-02-29,1980-02-29,1980-02-29,1980-02-29,1980-02-29,1980-02-29,True,4147ac39fc0226c2
SSW018,FEB 1981,1981,1981-02-06,not_classified,False,1.0,6.0,0.167,NOAA_CSL_compendium,consensus 1/6 = 0.17 < 0.67,,,,1981-02-06,,,False,4147ac39fc0226c2
SSW019,MAR 1981,1981,1981-03-04,not_classified,False,4.0,6.0,0.667,NOAA_CSL_compendium,,,1981-03-04,1981-03-04,1981-03-04,,1981-03-04,True,4147ac39fc0226c2
SSW020,DEC 1981,1982,1981-12-04,not_classified,False,6.0,6.0,1.0,NOAA_CSL_compendium,,1981-12-04,1981-12-04,1981-12-04,1981-12-04,1981-12-04,1981-12-04,True,4147ac39fc0226c2
SSW021,FEB 1984,1984,1984-02-24,not_classified,False,6.0,6.0,1.0,NOAA_CSL_compendium,,1984-02-24,1984-02-24,1984-02-24,1984-02-24,1984-02-24,1984-02-24,True,4147ac39fc0226c2
SSW022,JAN 1985,1985,1985-01-01,not_classified,False,6.0,6.0,1.0,NOAA_CSL_compendium,,1985-01-02,1985-01-01,1985-01-01,1985-01-01,1985-01-01,1985-01-01,True,4147ac39fc0226c2
SSW023,JAN 1987,1987,1987-01-23,not_classified,False,6.0,6.0,1.0,NOAA_CSL_compendium,,1987-01-23,1987-01-23,1987-01-23,1987-01-23,1987-01-23,1987-01-23,True,4147ac39fc0226c2
SSW024,DEC 1987,1988,1987-12-08,not_classified,False,6.0,6.0,1.0,NOAA_CSL_compendium,,1987-12-08,1987-12-08,1987-12-08,1987-12-08,1987-12-08,1987-12-08,True,4147ac39fc0226c2
SSW025,MAR 1988,1988,1988-03-14,not_classified,False,6.0,6.0,1.0,NOAA_CSL_compendium,,1988-03-14,1988-03-14,1988-03-14,1988-03-14,1988-03-14,1988-03-14,True,4147ac39fc0226c2
SSW026,FEB 1989,1989,1989-02-21,not_classified,False,6.0,6.0,1.0,NOAA_CSL_compendium,,1989-02-22,1989-02-21,1989-02-21,1989-02-21,1989-02-21,1989-02-21,True,4147ac39fc0226c2
SSW027,DEC 1998,1999,1998-12-15,not_classified,False,6.0,6.0,1.0,NOAA_CSL_compendium,,1998-12-15,1998-12-15,1998-12-15,1998-12-15,1998-12-15,1998-12-15,True,4147ac39fc0226c2
SSW028,FEB 1999,1999,1999-02-26,not_classified,False,6.0,6.0,1.0,NOAA_CSL_compendium,,1999-02-25,1999-02-26,1999-02-26,1999-02-26,1999-02-26,1999-02-26,True,4147ac39fc0226c2
SSW029,MAR 2000,2000,2000-03-20,not_classified,False,6.0,6.0,1.0,NOAA_CSL_compendium,,2000-03-20,2000-03-20,2000-03-20,2000-03-20,2000-03-20,2000-03-20,True,4147ac39fc0226c2
SSW030,FEB 2001,2001,2001-02-11,not_classified,False,6.0,6.0,1.0,NOAA_CSL_compendium,,2001-02-11,2001-02-11,2001-02-11,2001-02-11,2001-02-11,2001-02-11,True,4147ac39fc0226c2
SSW031,DEC 2001,2002,2001-12-30,not_classified,False,6.0,6.0,1.0,NOAA_CSL_compendium,,2002-01-02,2001-12-31,2001-12-30,2001-12-31,2001-12-30,2001-12-30,True,4147ac39fc0226c2
SSW032,FEB 2002,2002,2002-02-17,not_classified,False,3.0,6.0,0.5,NOAA_CSL_compendium,consensus 3/6 = 0.50 < 0.67,,2002-02-18,,,2002-02-17,2002-02-17,False,4147ac39fc0226c2
SSW033,JAN 2003,2003,2003-01-18,not_classified,False,5.0,5.0,1.0,NOAA_CSL_compendium,,2003-01-18,,2003-01-18,2003-01-18,2003-01-18,2003-01-18,True,4147ac39fc0226c2
SSW034,JAN 2004,2004,2004-01-05,not_classified,False,5.0,5.0,1.0,NOAA_CSL_compendium,,2004-01-07,,2004-01-05,2004-01-05,2004-01-05,2004-01-05,True,4147ac39fc0226c2
SSW035,JAN 2006,2006,2006-01-21,not_classified,False,5.0,5.0,1.0,NOAA_CSL_compendium,,2006-01-21,,2006-01-21,2006-01-21,2006-01-21,2006-01-21,True,4147ac39fc0226c2
SSW036,FEB 2007,2007,2007-02-24,not_classified,False,5.0,5.0,1.0,NOAA_CSL_compendium,,2007-02-24,,2007-02-24,2007-02-24,2007-02-24,2007-02-24,True,4147ac39fc0226c2
SSW037,FEB 2008,2008,2008-02-22,not_classified,False,5.0,5.0,1.0,NOAA_CSL_compendium,,2008-02-22,,2008-02-22,2008-02-22,2008-02-22,2008-02-22,True,4147ac39fc0226c2
SSW038,JAN 2009,2009,2009-01-24,not_classified,False,5.0,5.0,1.0,NOAA_CSL_compendium,,2009-01-24,,2009-01-24,2009-01-24,2009-01-24,2009-01-24,True,4147ac39fc0226c2
SSW039,FEB 2010,2010,2010-02-09,not_classified,False,5.0,5.0,1.0,NOAA_CSL_compendium,,2010-02-09,,2010-02-09,2010-02-09,2010-02-09,2010-02-09,True,4147ac39fc0226c2
SSW040,MAR 2010,2010,2010-03-24,not_classified,False,5.0,5.0,1.0,NOAA_CSL_compendium,,2010-03-24,,2010-03-24,2010-03-24,2010-03-24,2010-03-24,True,4147ac39fc0226c2
SSW041,JAN 2013,2013,2013-01-06,not_classified,False,5.0,5.0,1.0,NOAA_CSL_compendium,,2013-01-07,,2013-01-06,2013-01-07,2013-01-06,2013-01-06,True,4147ac39fc0226c2
SSW042,FEB 2018,2018,2018-02-12,not_classified,False,5.0,5.0,1.0,NOAA_CSL_compendium,,2018-02-12,,2018-02-12,2018-02-12,2018-02-12,2018-02-12,True,4147ac39fc0226c2
SSW043,JAN 2019,2019,2019-01-02,not_classified,False,5.0,5.0,1.0,NOAA_CSL_compendium,,2019-01-02,,2019-01-02,2019-01-02,2019-01-02,2019-01-01,True,4147ac39fc0226c2
SSW044,JAN 2021,2021,2021-01-05,not_classified,False,4.0,4.0,1.0,NOAA_CSL_compendium,,2021-01-05,,,2021-01-05,2021-01-05,2021-01-05,True,4147ac39fc0226c2
SSW045,FEB 2023,2023,2023-02-16,not_classified,False,4.0,4.0,1.0,NOAA_CSL_compendium,,2023-02-16,,,2023-02-16,2023-02-16,2023-02-16,True,4147ac39fc0226c2
SSW046,JAN 2024,2024,2024-01-16,not_classified,False,,,,Lee2025_Weather,,,,,,,,True,4147ac39fc0226c2
SSW047,MAR 2024,2024,2024-03-04,not_classified,False,,,,Lee2025_Weather,,,,,,,,True,4147ac39fc0226c2
SSW048,MAR 2025,2025,2025-03-09,final_warming,True,,,,GMAO_2025,final warming of the 2024/25 winter; §1 excludes final warmings,,,,,,,False,4147ac39fc0226c2
